LoadMultiplier,Feasible,Vmin_pu,VminBus,TotalLoss_pu,N_Viol_Buses,MaxViolMag_pu
1,0,0.893842225049169,18,0.35705087508849,21,0.0561577749508309
1.2,0,0.869680002871315,18,0.529630781085925,21,0.0803199971286848
1.4,0,0.844170243442753,18,0.744119307514031,23,0.105829756557247
1.6,0,0.817054734500882,18,1.00544624796383,25,0.132945265499118
1.8,0,0.78798011592821,18,1.31989116014846,25,0.16201988407179
