Multiplier,Vmin_pu,WorstBus,TotalLoss_pu,N_Viol_Peak
1,0.913090479789781,18,0.393750790266847,21
1.2,0.893842225757845,18,0.443139280348784,21
1.4,0.873794692186301,18,0.504739636862459,21
1.6,0.852837590323292,18,0.580093043510191,23
1.8,0.830832555666025,18,0.67111995679414,24
