N_e,Stage4_Nr_min,Joint_Nr_min,Joint_Ns,Joint_Nb,Vmin_pu,Loss_pu,Nr_Saving
0,3,3,0,3,0.950000000313607,0.436128863449721,0
8,2,2,0,2,0.95000000397189,0.195783435941422,0
16,1,1,0,1,0.950715754265927,0.136813599095513,0
32,1,1,0,1,0.95433795847029,0.0826199220127095,0
