N_e,S7_Nr_ref,ES1_Joint_Nr,ES1_Joint_Ns,ES1_Joint_Nb,Vmin_pu,Loss_pu,S5_Nr_ref,Saving_vs_S5
0,3,3,0,3,0.950000000313607,0.436128863449721,3,0
1,NaN,2,1,1,0.95000000142532,0.419827640738306,NaN,NaN
2,NaN,1,0,1,0.950000000813363,0.365213131372904,NaN,NaN
3,NaN,1,1,0,0.950000001655795,0.406582209107873,NaN,NaN
4,0,0,0,0,NaN,NaN,NaN,NaN
8,0,0,0,0,NaN,NaN,2,2
16,0,0,0,0,NaN,NaN,1,1
32,0,0,0,0,NaN,NaN,1,1
