Hour,SupportBus,Qinj_pu,Vmin_before,VminBus_before,Ploss_before_pu,Vmin_after,VminBus_after,Ploss_after_pu
20,18,0.00096,0.893842225339705,18,0.0301454106703359,0.894480436980482,18,0.0300416003211372
