Hour,P_total,Q_total
1,0.23033,0.1426
2,0.2229,0.138
3,0.21547,0.1334
4,0.211755,0.1311
5,0.21547,0.1334
6,0.23033,0.1426
7,0.26748,0.1656
8,0.30463,0.1886
9,0.33435,0.207
10,0.34178,0.2116
11,0.33435,0.207
12,0.32692,0.2024
13,0.31949,0.1978
14,0.31206,0.1932
15,0.315775,0.1955
16,0.33435,0.207
17,0.3715,0.23
18,0.40865,0.253
19,0.43837,0.2714
20,0.4458,0.276
21,0.41608,0.2576
22,0.352925,0.2185
23,0.28977,0.1794
24,0.25262,0.1564
